{
  "backup_timestamp": "2025-05-28T03:50:34.273711",
  "python_version": "3.11.8 (tags/v3.11.8:db85d51, Feb  6 2024, 22:03:32) [MSC v.1937 64 bit (AMD64)]",
  "database_stats": {
    "archive_database.db": {
      "tables": [
        "archived_orders"
      ],
      "row_counts": {
        "archived_orders": 0
      },
      "file_size_mb": 0.0078125
    },
    "database.db": {
      "tables": [
        "users",
        "vehicles",
        "driver_locations",
        "rides"
      ],
      "row_counts": {
        "users": 3,
        "vehicles": 2,
        "driver_locations": 0,
        "rides": 37
      },
      "file_size_mb": 0.04296875
    },
    "shared_orders.db": {
      "tables": [
        "pending_orders",
        "driver_responses",
        "driver_messages"
      ],
      "row_counts": {
        "pending_orders": 0,
        "driver_responses": 0,
        "driver_messages": 0
      },
      "file_size_mb": 0.0234375
    }
  },
  "system_stats": {
    "data_dir_size_mb": 0.07421875,
    "logs_dir_size_mb": 0.2246408462524414
  }
}